CategoryID,MainCategory,SubCategory
3001,Art,Art
3002,Art,Ceramics
3003,Art,Conceptual Art
3004,Art,Digital Art
3005,Art,Illustration
3006,Art,Installations
3007,Art,Mixed Media
3008,Art,Painting
3009,Art,Performance Art
3010,Art,Public Art
3011,Art,Sculpture
3012,Art,Textiles
3013,Art,Video Art
3014,Comics,Anthologies
3015,Comics,Comic Books
3016,Comics,Comics
3017,Comics,Events
3018,Comics,Graphic Novels
3019,Comics,Webcomics
3020,Crafts,Candles
3021,Crafts,Crafts
3022,Crafts,Crochet
3023,Crafts,DIY
3024,Crafts,Embroidery
3025,Crafts,Glass
3026,Crafts,Knitting
3027,Crafts,Letterpress
3028,Crafts,Pottery
3029,Crafts,Printing
3030,Crafts,Quilts
3031,Crafts,Stationery
3032,Crafts,Taxidermy
3033,Crafts,Weaving
3034,Crafts,Woodworking
3035,Dance,Dance
3036,Dance,Performances
3037,Dance,Residencies
3038,Dance,Spaces
3039,Dance,Workshops
3040,Design,Architecture
3041,Design,Civic Design
3042,Design,Design
3043,Design,Graphic Design
3044,Design,Interactive Design
3045,Design,Product Design
3046,Design,Typography
3047,Fashion,Accessories
3048,Fashion,Apparel
3049,Fashion,Childrenswear
3050,Fashion,Couture
3051,Fashion,Fashion
3052,Fashion,Footwear
3053,Fashion,Jewelry
3054,Fashion,Pet Fashion
3055,Fashion,Ready-to-wear
3056,Film & Video,Action
3057,Film & Video,Animation
3058,Film & Video,Comedy
3059,Film & Video,Documentary
3060,Film & Video,Drama
3061,Film & Video,Experimental
3062,Film & Video,Family
3063,Film & Video,Fantasy
3064,Film & Video,Festivals
3065,Film & Video,Film & Video
3066,Film & Video,Horror
3067,Film & Video,Movie Theaters
3068,Film & Video,Music Videos
3069,Film & Video,Narrative Film
3070,Film & Video,Romance
3071,Film & Video,Science Fiction
3072,Film & Video,Shorts
3073,Film & Video,Television
3074,Film & Video,Thrillers
3075,Film & Video,Webseries
3076,Food,Bacon
3077,Food,Community Gardens
3078,Food,Cookbooks
3079,Food,Drinks
3080,Food,Events
3081,Food,Farmer's Markets
3082,Food,Farms
3083,Food,Food
3084,Food,Food Trucks
3085,Food,Restaurants
3086,Food,Small Batch
3087,Food,Spaces
3088,Food,Vegan
3089,Games,Games
3090,Games,Gaming Hardware
3091,Games,Live Games
3092,Games,Mobile Games
3093,Games,Playing Cards
3094,Games,Puzzles
3095,Games,Tabletop Games
3096,Games,Video Games
3097,Journalism,Audio
3098,Journalism,Journalism
3099,Journalism,Photo
3100,Journalism,Print
3101,Journalism,Video
3102,Journalism,Web
3103,Music,Blues
3104,Music,Chiptune
3105,Music,Classical Music
3106,Music,Comedy
3107,Music,Country & Folk
3108,Music,Electronic Music
3109,Music,Faith
3110,Music,Hip-Hop
3111,Music,Indie Rock
3112,Music,Jazz
3113,Music,Kids
3114,Music,Latin
3115,Music,Metal
3116,Music,Music
3117,Music,Pop
3118,Music,Punk
3119,Music,R&B
3120,Music,Rock
3121,Music,World Music
3122,Photography,Animals
3123,Photography,Fine Art
3124,Photography,Nature
3125,Photography,People
3126,Photography,Photobooks
3127,Photography,Photography
3128,Photography,Places
3129,Publishing,Academic
3130,Publishing,Anthologies
3131,Publishing,Art Books
3132,Publishing,Calendars
3133,Publishing,Children's Books
3134,Publishing,Comedy
3135,Publishing,Fiction
3136,Publishing,Letterpress
3137,Publishing,Literary Journals
3138,Publishing,Literary Spaces
3139,Publishing,Nonfiction
3140,Publishing,Periodicals
3141,Publishing,Poetry
3142,Publishing,Publishing
3143,Publishing,Radio & Podcasts
3144,Publishing,Translations
3145,Publishing,Young Adult
3146,Publishing,Zines
3147,Technology,3D Printing
3148,Technology,Apps
3149,Technology,Camera Equipment
3150,Technology,DIY Electronics
3151,Technology,Fabrication Tools
3152,Technology,Flight
3153,Technology,Gadgets
3154,Technology,Hardware
3155,Technology,Makerspaces
3156,Technology,Robots
3157,Technology,Software
3158,Technology,Sound
3159,Technology,Space Exploration
3160,Technology,Technology
3161,Technology,Wearables
3162,Technology,Web
3163,Theater,Comedy
3164,Theater,Experimental
3165,Theater,Festivals
3166,Theater,Immersive
3167,Theater,Musical
3168,Theater,Plays
3169,Theater,Spaces
3170,Theater,Theater
